JOB_ID,VOLUME_ID,DATASET_NAME,IO_USAGE,SPACE_USED,SPACE_ALLOCATED,CPU_TIME,RETURN_CODE,DATE_TIME
JOB1000,VOL128,DATASET.FIN.852,79.63,1192.8,1842,2.63,0,2025-10-19 04:58:58
JOB1001,VOL104,DATASET.FIN.100,63.69,814.92,1227,2.79,0,2025-10-19 05:00:58
JOB1002,VOL153,DATASET.BKP.212,36.05,862.6,1180,2.93,0,2025-10-19 05:02:58
JOB1003,VOL165,DATASET.BKP.100,43.32,714.8,1189,2.45,0,2025-10-19 05:04:58
JOB1004,VOL114,DATASET.HR.919,72.1,732.0,1264,2.96,0,2025-10-19 05:06:58
JOB1005,VOL145,DATASET.LOG.772,73.64,941.25,1835,2.99,0,2025-10-19 05:08:58
JOB1006,VOL141,DATASET.LOG.762,44.51,976.67,1229,2.83,0,2025-10-19 05:10:58
JOB1007,VOL148,DATASET.PAY.454,46.14,868.31,1680,2.0,0,2025-10-19 05:12:58
JOB1008,VOL196,DATASET.FIN.459,48.46,575.31,1073,2.42,0,2025-10-19 05:14:58
JOB1009,VOL130,DATASET.FIN.155,64.57,409.59,1069,2.51,0,2025-10-19 05:16:58
JOB1010,VOL142,DATASET.FIN.728,61.27,943.28,1351,3.35,0,2025-10-19 05:18:58
JOB1011,VOL146,DATASET.FIN.825,47.32,687.13,1375,3.38,0,2025-10-19 05:20:58
JOB1012,VOL111,DATASET.PAY.727,64.69,848.0,1725,2.94,0,2025-10-19 05:22:58
JOB1013,VOL105,DATASET.FIN.628,35.51,989.6,1562,3.21,0,2025-10-19 05:24:58
JOB1014,VOL126,DATASET.LOG.718,49.61,741.48,1122,3.11,0,2025-10-19 05:26:58
JOB1015,VOL127,DATASET.HR.452,75.76,661.58,1163,1.87,0,2025-10-19 05:28:58
JOB1016,VOL184,DATASET.BKP.307,48.28,921.82,1688,2.37,0,2025-10-19 05:30:58
JOB1017,VOL139,DATASET.FIN.900,56.76,1085.66,1964,2.65,0,2025-10-19 05:32:58
JOB1018,VOL165,DATASET.PAY.249,35.72,1156.84,1768,3.09,0,2025-10-19 05:34:58
JOB1019,VOL127,DATASET.FIN.553,52.08,764.85,1142,2.48,0,2025-10-19 05:36:58
JOB1020,VOL185,DATASET.PAY.257,65.9,564.81,1066,2.48,0,2025-10-19 05:38:58
JOB1021,VOL131,DATASET.BKP.801,56.39,1478.4,1896,2.64,0,2025-10-19 05:40:58
JOB1022,VOL176,DATASET.LOG.277,75.74,484.5,1528,2.85,4,2025-10-19 05:42:58
JOB1023,VOL194,DATASET.PAY.839,29.04,755.46,1261,3.15,0,2025-10-19 05:44:58
JOB1024,VOL147,DATASET.FIN.526,15.57,1334.32,1858,1.75,0,2025-10-19 05:46:58
JOB1025,VOL111,DATASET.BKP.733,42.05,963.4,1416,1.95,0,2025-10-19 05:48:58
JOB1026,VOL173,DATASET.HR.295,28.93,938.85,1513,2.38,0,2025-10-19 05:50:58
JOB1027,VOL148,DATASET.LOG.668,51.35,814.93,1070,1.74,0,2025-10-19 05:52:58
JOB1028,VOL134,DATASET.BKP.214,67.92,1327.26,1957,2.72,0,2025-10-19 05:54:58
JOB1029,VOL162,DATASET.LOG.567,67.04,629.68,1148,2.49,0,2025-10-19 05:56:58
JOB1030,VOL170,DATASET.FIN.272,58.05,1212.67,1688,3.15,0,2025-10-19 05:58:58
JOB1031,VOL159,DATASET.BKP.138,45.0,749.33,1075,3.59,0,2025-10-19 06:00:58
JOB1032,VOL115,DATASET.FIN.373,51.69,1323.54,1877,2.33,0,2025-10-19 06:02:58
JOB1033,VOL144,DATASET.BKP.605,67.65,619.96,1070,2.26,0,2025-10-19 06:04:58
JOB1034,VOL117,DATASET.BKP.461,74.39,921.99,1649,2.2,0,2025-10-19 06:06:58
JOB1035,VOL132,DATASET.BKP.191,62.53,1167.01,1134,2.35,0,2025-10-19 06:08:58
JOB1036,VOL136,DATASET.LOG.921,53.34,1055.71,1754,3.05,0,2025-10-19 06:10:58
JOB1037,VOL148,DATASET.LOG.585,45.84,554.14,1112,3.01,0,2025-10-19 06:12:58
JOB1038,VOL108,DATASET.LOG.761,62.39,546.65,1016,2.7,0,2025-10-19 06:14:58
JOB1039,VOL170,DATASET.PAY.996,55.06,858.49,1581,3.31,0,2025-10-19 06:16:58
JOB1040,VOL136,DATASET.BKP.677,49.8,1042.93,1960,2.71,0,2025-10-19 06:18:58
JOB1041,VOL119,DATASET.PAY.773,32.17,1086.53,1673,2.47,0,2025-10-19 06:20:58
JOB1042,VOL162,DATASET.BKP.536,78.98,832.88,1711,1.62,0,2025-10-19 06:22:58
JOB1043,VOL146,DATASET.FIN.640,9.8,852.52,1977,2.71,0,2025-10-19 06:24:58
JOB1044,VOL124,DATASET.PAY.534,58.59,761.24,1488,3.25,0,2025-10-19 06:26:58
JOB1045,VOL113,DATASET.LOG.512,27.59,1429.35,1912,1.66,0,2025-10-19 06:28:58
JOB1046,VOL190,DATASET.PAY.199,44.09,908.4,1608,3.67,0,2025-10-19 06:30:58
JOB1047,VOL137,DATASET.FIN.449,38.19,837.82,1442,2.84,0,2025-10-19 06:32:58
JOB1048,VOL175,DATASET.BKP.142,54.59,829.38,1456,1.96,0,2025-10-19 06:34:58
JOB1049,VOL134,DATASET.HR.517,55.53,997.31,1726,2.13,0,2025-10-19 06:36:58
JOB1050,VOL150,DATASET.PAY.798,40.4,670.49,1378,1.76,0,2025-10-19 06:38:58
JOB1051,VOL101,DATASET.LOG.364,33.71,843.12,1296,1.92,0,2025-10-19 06:40:58
JOB1052,VOL112,DATASET.BKP.656,67.01,850.95,1506,2.49,0,2025-10-19 06:42:58
JOB1053,VOL131,DATASET.HR.679,54.48,920.82,1480,1.17,0,2025-10-19 06:44:58
JOB1054,VOL196,DATASET.BKP.130,26.01,924.69,1511,2.94,0,2025-10-19 06:46:58
JOB1055,VOL124,DATASET.FIN.210,33.41,727.34,1381,2.86,0,2025-10-19 06:48:58
JOB1056,VOL123,DATASET.HR.295,47.59,804.21,1350,2.43,0,2025-10-19 06:50:58
JOB1057,VOL149,DATASET.LOG.787,53.28,702.06,1329,3.08,0,2025-10-19 06:52:58
JOB1058,VOL106,DATASET.PAY.964,44.36,1191.98,1747,3.76,0,2025-10-19 06:54:58
JOB1059,VOL179,DATASET.LOG.480,63.24,1124.43,1967,1.86,0,2025-10-19 06:56:58
JOB1060,VOL141,DATASET.BKP.139,73.69,1306.06,1902,2.9,0,2025-10-19 06:58:58
JOB1061,VOL149,DATASET.BKP.590,39.68,1034.72,1666,2.3,0,2025-10-19 07:00:58
JOB1062,VOL104,DATASET.FIN.871,80.33,1681.13,1992,3.11,0,2025-10-19 07:02:58
JOB1063,VOL101,DATASET.PAY.775,48.35,979.98,1567,2.59,0,2025-10-19 07:04:58
JOB1064,VOL157,DATASET.HR.632,122.97,765.14,1152,2.91,0,2025-10-19 07:06:58
JOB1065,VOL119,DATASET.BKP.223,47.56,1900.3,1949,3.35,0,2025-10-19 07:08:58
JOB1066,VOL192,DATASET.FIN.135,71.79,1024.64,1427,3.39,0,2025-10-19 07:10:58
JOB1067,VOL190,DATASET.BKP.242,52.02,1028.71,1372,2.73,0,2025-10-19 07:12:58
JOB1068,VOL169,DATASET.HR.249,30.96,673.11,1639,2.76,0,2025-10-19 07:14:58
JOB1069,VOL177,DATASET.HR.685,49.74,917.66,1476,3.05,0,2025-10-19 07:16:58
JOB1070,VOL153,DATASET.PAY.551,40.93,623.9,1367,2.18,0,2025-10-19 07:18:58
JOB1071,VOL159,DATASET.LOG.222,139.14,1110.11,1655,2.29,0,2025-10-19 07:20:58
JOB1072,VOL163,DATASET.PAY.502,38.95,943.19,1585,2.0,0,2025-10-19 07:22:58
JOB1073,VOL105,DATASET.HR.533,64.12,1150.49,1959,2.85,0,2025-10-19 07:24:58
JOB1074,VOL188,DATASET.FIN.623,57.18,1225.72,1838,2.34,0,2025-10-19 07:26:58
JOB1075,VOL172,DATASET.BKP.940,51.36,1238.07,1583,3.13,0,2025-10-19 07:28:58
JOB1076,VOL155,DATASET.HR.897,65.73,1003.36,1547,2.09,0,2025-10-19 07:30:58
JOB1077,VOL119,DATASET.FIN.964,38.94,791.82,1479,2.89,0,2025-10-19 07:32:58
JOB1078,VOL195,DATASET.FIN.647,44.56,458.11,1410,1.98,0,2025-10-19 07:34:58
JOB1079,VOL115,DATASET.HR.786,46.52,1095.65,1926,2.65,0,2025-10-19 07:36:58
JOB1080,VOL172,DATASET.LOG.366,41.7,721.49,1312,1.71,0,2025-10-19 07:38:58
JOB1081,VOL160,DATASET.FIN.466,48.08,1086.14,1971,2.49,0,2025-10-19 07:40:58
JOB1082,VOL115,DATASET.FIN.714,51.35,1009.55,1947,3.05,0,2025-10-19 07:42:58
JOB1083,VOL111,DATASET.FIN.289,40.46,1118.6,1549,3.37,0,2025-10-19 07:44:58
JOB1084,VOL156,DATASET.BKP.408,48.13,681.17,1285,1.56,0,2025-10-19 07:46:58
JOB1085,VOL147,DATASET.BKP.568,59.26,1041.74,1759,1.72,0,2025-10-19 07:48:58
JOB1086,VOL142,DATASET.FIN.455,30.7,982.74,1719,1.95,0,2025-10-19 07:50:58
JOB1087,VOL109,DATASET.PAY.777,51.41,920.44,1626,3.86,0,2025-10-19 07:52:58
JOB1088,VOL139,DATASET.FIN.519,40.32,603.49,1173,3.07,0,2025-10-19 07:54:58
JOB1089,VOL179,DATASET.LOG.902,41.5,695.04,1065,2.77,0,2025-10-19 07:56:58
JOB1090,VOL131,DATASET.FIN.145,47.81,636.17,1008,2.25,0,2025-10-19 07:58:58
JOB1091,VOL163,DATASET.BKP.394,74.97,1017.52,1593,2.41,12,2025-10-19 08:00:58
JOB1092,VOL130,DATASET.PAY.324,54.87,1301.44,1980,2.38,16,2025-10-19 08:02:58
JOB1093,VOL149,DATASET.PAY.937,57.56,1284.24,1335,2.57,0,2025-10-19 08:04:58
JOB1094,VOL178,DATASET.LOG.538,35.79,1077.83,1511,2.43,0,2025-10-19 08:06:58
JOB1095,VOL150,DATASET.HR.539,50.66,946.47,1623,2.9,0,2025-10-19 08:08:58
JOB1096,VOL100,DATASET.HR.321,54.91,1183.77,1721,2.36,0,2025-10-19 08:10:58
JOB1097,VOL141,DATASET.HR.518,39.29,633.72,1194,2.64,0,2025-10-19 08:12:58
JOB1098,VOL144,DATASET.FIN.974,37.7,681.53,1329,2.88,0,2025-10-19 08:14:58
JOB1099,VOL119,DATASET.LOG.133,52.73,1145.41,1827,1.87,0,2025-10-19 08:16:58
JOB1100,VOL190,DATASET.BKP.627,58.34,674.12,1205,2.35,0,2025-10-19 08:18:58
JOB1101,VOL158,DATASET.HR.896,66.31,740.81,1374,2.97,0,2025-10-19 08:20:58
JOB1102,VOL113,DATASET.HR.486,50.11,659.82,1237,2.2,0,2025-10-19 08:22:58
JOB1103,VOL198,DATASET.HR.337,45.7,1109.06,1973,2.57,0,2025-10-19 08:24:58
JOB1104,VOL135,DATASET.HR.250,66.28,1235.77,1948,2.19,0,2025-10-19 08:26:58
JOB1105,VOL137,DATASET.BKP.117,53.33,1272.08,1261,1.95,0,2025-10-19 08:28:58
JOB1106,VOL123,DATASET.LOG.123,67.39,642.59,1374,2.07,0,2025-10-19 08:30:58
JOB1107,VOL145,DATASET.LOG.355,43.77,852.3,1532,1.68,0,2025-10-19 08:32:58
JOB1108,VOL174,DATASET.FIN.518,47.53,1243.75,1643,2.77,0,2025-10-19 08:34:58
JOB1109,VOL124,DATASET.BKP.994,54.97,931.21,1498,3.47,0,2025-10-19 08:36:58
JOB1110,VOL106,DATASET.PAY.303,35.61,680.92,1108,3.02,0,2025-10-19 08:38:58
JOB1111,VOL185,DATASET.BKP.605,27.43,892.09,1417,2.47,0,2025-10-19 08:40:58
JOB1112,VOL118,DATASET.PAY.684,39.24,973.78,1529,2.82,0,2025-10-19 08:42:58
JOB1113,VOL126,DATASET.BKP.425,37.05,854.43,1709,2.23,0,2025-10-19 08:44:58
JOB1114,VOL120,DATASET.BKP.810,42.2,804.4,1763,3.25,0,2025-10-19 08:46:58
JOB1115,VOL115,DATASET.HR.596,63.59,797.8,1462,2.23,0,2025-10-19 08:48:58
JOB1116,VOL161,DATASET.FIN.702,56.63,1220.47,1897,2.23,0,2025-10-19 08:50:58
JOB1117,VOL162,DATASET.BKP.467,29.99,678.46,1191,3.26,0,2025-10-19 08:52:58
JOB1118,VOL179,DATASET.PAY.790,28.61,869.27,1608,2.37,0,2025-10-19 08:54:58
JOB1119,VOL120,DATASET.LOG.372,157.12,748.45,1917,2.01,0,2025-10-19 08:56:58
JOB1120,VOL124,DATASET.LOG.559,55.08,768.87,1151,1.4,0,2025-10-19 08:58:58
JOB1121,VOL197,DATASET.BKP.836,33.82,1025.63,1483,2.38,0,2025-10-19 09:00:58
JOB1122,VOL137,DATASET.FIN.743,78.63,927.09,1476,2.01,0,2025-10-19 09:02:58
JOB1123,VOL170,DATASET.LOG.549,9.58,900.95,1568,2.54,0,2025-10-19 09:04:58
JOB1124,VOL114,DATASET.PAY.248,47.4,1187.65,1589,2.88,0,2025-10-19 09:06:58
JOB1125,VOL193,DATASET.LOG.236,50.87,981.13,1574,2.36,0,2025-10-19 09:08:58
JOB1126,VOL178,DATASET.LOG.773,44.76,507.19,1057,2.51,0,2025-10-19 09:10:58
JOB1127,VOL100,DATASET.FIN.226,76.76,610.8,1203,3.04,0,2025-10-19 09:12:58
JOB1128,VOL109,DATASET.PAY.285,25.67,773.39,1671,1.85,0,2025-10-19 09:14:58
JOB1129,VOL113,DATASET.LOG.461,50.51,750.75,1584,2.28,0,2025-10-19 09:16:58
JOB1130,VOL192,DATASET.FIN.697,65.44,856.85,1370,2.1,0,2025-10-19 09:18:58
JOB1131,VOL114,DATASET.LOG.173,54.16,786.16,1511,1.8,0,2025-10-19 09:20:58
JOB1132,VOL118,DATASET.BKP.240,49.22,1253.23,1803,2.12,0,2025-10-19 09:22:58
JOB1133,VOL157,DATASET.LOG.839,38.56,1045.48,1600,2.77,0,2025-10-19 09:24:58
JOB1134,VOL166,DATASET.BKP.891,53.16,932.76,1262,2.41,0,2025-10-19 09:26:58
JOB1135,VOL121,DATASET.PAY.984,55.4,615.61,1917,2.26,0,2025-10-19 09:28:58
JOB1136,VOL143,DATASET.LOG.276,36.05,823.59,1208,2.9,0,2025-10-19 09:30:58
JOB1137,VOL185,DATASET.LOG.215,39.27,695.6,1219,3.0,0,2025-10-19 09:32:58
JOB1138,VOL171,DATASET.HR.511,146.09,745.71,1094,2.92,0,2025-10-19 09:34:58
JOB1139,VOL118,DATASET.HR.114,53.15,1114.63,1575,2.49,0,2025-10-19 09:36:58
JOB1140,VOL130,DATASET.BKP.513,31.31,815.91,1217,2.74,0,2025-10-19 09:38:58
JOB1141,VOL101,DATASET.HR.511,50.67,468.06,1016,2.89,0,2025-10-19 09:40:58
JOB1142,VOL171,DATASET.HR.239,40.94,691.82,1153,3.13,0,2025-10-19 09:42:58
JOB1143,VOL195,DATASET.FIN.315,45.21,985.92,1870,1.62,0,2025-10-19 09:44:58
JOB1144,VOL193,DATASET.FIN.971,74.49,1410.37,1901,2.66,0,2025-10-19 09:46:58
JOB1145,VOL195,DATASET.PAY.153,58.86,663.76,1354,2.3,0,2025-10-19 09:48:58
JOB1146,VOL173,DATASET.PAY.568,124.09,806.58,1284,2.04,0,2025-10-19 09:50:58
JOB1147,VOL131,DATASET.HR.410,43.48,647.6,1071,3.39,0,2025-10-19 09:52:58
JOB1148,VOL114,DATASET.FIN.659,64.64,1160.75,1612,2.72,0,2025-10-19 09:54:58
JOB1149,VOL144,DATASET.LOG.423,58.37,620.7,1075,3.15,0,2025-10-19 09:56:58
JOB1150,VOL114,DATASET.HR.924,67.66,1200.14,1795,0.9,0,2025-10-19 09:58:58
JOB1151,VOL162,DATASET.FIN.627,56.52,1084.28,1543,2.05,0,2025-10-19 10:00:58
JOB1152,VOL173,DATASET.HR.619,43.81,649.5,1423,2.32,0,2025-10-19 10:02:58
JOB1153,VOL138,DATASET.PAY.686,59.39,863.02,1524,2.11,0,2025-10-19 10:04:58
JOB1154,VOL158,DATASET.PAY.698,44.72,523.23,1025,3.07,0,2025-10-19 10:06:58
JOB1155,VOL175,DATASET.HR.106,60.54,851.13,1589,2.03,0,2025-10-19 10:08:58
JOB1156,VOL187,DATASET.PAY.667,58.69,639.19,1328,2.81,0,2025-10-19 10:10:58
JOB1157,VOL142,DATASET.FIN.230,34.77,986.74,1979,2.43,0,2025-10-19 10:12:58
JOB1158,VOL194,DATASET.PAY.309,40.4,728.81,1348,3.6,0,2025-10-19 10:14:58
JOB1159,VOL181,DATASET.LOG.738,33.06,804.62,1443,2.34,0,2025-10-19 10:16:58
JOB1160,VOL100,DATASET.HR.329,43.06,573.87,1182,2.32,0,2025-10-19 10:18:58
JOB1161,VOL101,DATASET.LOG.944,48.1,695.84,1118,2.3,0,2025-10-19 10:20:58
JOB1162,VOL106,DATASET.PAY.800,48.23,865.57,1231,2.44,0,2025-10-19 10:22:58
JOB1163,VOL101,DATASET.FIN.266,35.81,824.38,1139,2.58,0,2025-10-19 10:24:58
JOB1164,VOL152,DATASET.PAY.813,68.24,567.11,1142,2.33,0,2025-10-19 10:26:58
JOB1165,VOL108,DATASET.BKP.559,54.11,1015.91,1300,1.81,0,2025-10-19 10:28:58
JOB1166,VOL151,DATASET.PAY.589,45.85,820.07,1421,3.34,0,2025-10-19 10:30:58
JOB1167,VOL170,DATASET.HR.407,53.11,940.65,1393,2.82,0,2025-10-19 10:32:58
JOB1168,VOL122,DATASET.LOG.880,63.16,620.16,1154,3.02,0,2025-10-19 10:34:58
JOB1169,VOL194,DATASET.PAY.684,55.01,990.45,1925,1.72,0,2025-10-19 10:36:58
JOB1170,VOL151,DATASET.HR.777,24.93,705.71,1550,3.39,0,2025-10-19 10:38:58
JOB1171,VOL136,DATASET.BKP.538,16.27,928.17,1654,1.18,0,2025-10-19 10:40:58
JOB1172,VOL170,DATASET.HR.475,53.23,1043.01,1834,2.84,0,2025-10-19 10:42:58
JOB1173,VOL174,DATASET.HR.413,55.42,632.48,1564,2.02,0,2025-10-19 10:44:58
JOB1174,VOL152,DATASET.PAY.985,38.66,1036.84,1587,2.25,0,2025-10-19 10:46:58
JOB1175,VOL198,DATASET.LOG.229,66.01,888.46,1441,1.37,0,2025-10-19 10:48:58
JOB1176,VOL155,DATASET.PAY.327,62.99,871.22,1151,3.07,0,2025-10-19 10:50:58
JOB1177,VOL158,DATASET.HR.722,40.03,623.64,1020,2.77,0,2025-10-19 10:52:58
JOB1178,VOL106,DATASET.FIN.926,49.24,1124.82,1790,2.8,0,2025-10-19 10:54:58
JOB1179,VOL161,DATASET.FIN.982,31.66,791.79,1252,2.04,0,2025-10-19 10:56:58
JOB1180,VOL139,DATASET.LOG.216,56.17,1091.06,1679,2.51,0,2025-10-19 10:58:58
JOB1181,VOL106,DATASET.HR.531,37.03,627.02,1237,2.66,0,2025-10-19 11:00:58
JOB1182,VOL171,DATASET.HR.608,59.54,1175.24,1854,2.49,0,2025-10-19 11:02:58
JOB1183,VOL167,DATASET.HR.390,61.58,930.4,1574,2.14,0,2025-10-19 11:04:58
JOB1184,VOL129,DATASET.LOG.362,48.96,942.07,1432,2.74,0,2025-10-19 11:06:58
JOB1185,VOL126,DATASET.PAY.897,62.58,729.32,1153,2.31,0,2025-10-19 11:08:58
JOB1186,VOL174,DATASET.BKP.140,36.71,1176.43,1797,2.9,0,2025-10-19 11:10:58
JOB1187,VOL112,DATASET.FIN.903,72.73,798.65,1672,3.15,0,2025-10-19 11:12:58
JOB1188,VOL132,DATASET.BKP.202,50.69,868.02,1189,2.17,0,2025-10-19 11:14:58
JOB1189,VOL183,DATASET.LOG.306,69.12,555.68,1005,2.47,0,2025-10-19 11:16:58
JOB1190,VOL195,DATASET.HR.800,20.26,1188.74,1882,1.55,0,2025-10-19 11:18:58
JOB1191,VOL106,DATASET.PAY.882,61.15,865.76,1511,2.84,0,2025-10-19 11:20:58
JOB1192,VOL133,DATASET.LOG.996,35.26,885.72,1445,2.8,0,2025-10-19 11:22:58
JOB1193,VOL131,DATASET.HR.529,43.61,834.26,1646,3.07,0,2025-10-19 11:24:58
JOB1194,VOL160,DATASET.FIN.559,64.81,890.42,1641,2.82,4,2025-10-19 11:26:58
JOB1195,VOL198,DATASET.HR.933,71.45,684.02,1354,2.07,0,2025-10-19 11:28:58
JOB1196,VOL160,DATASET.HR.206,39.34,829.12,1250,3.07,0,2025-10-19 11:30:58
JOB1197,VOL126,DATASET.FIN.618,46.22,1244.95,1805,2.5,0,2025-10-19 11:32:58
JOB1198,VOL193,DATASET.PAY.642,72.16,803.02,1283,2.19,0,2025-10-19 11:34:58
JOB1199,VOL139,DATASET.BKP.855,47.0,1174.78,1885,2.05,0,2025-10-19 11:36:58
